weekday,title,artists,ratings
Monday,참교육,"['채용택 ', ' 한가람']",9.83
Monday,쇼미더럭키짱!,"['박태준 ', ' 김성모']",9.39
Monday,뷰티풀 군바리,"['설이 ', ' 윤성원']",9.81
Monday,신의 탑,['SIU'],9.91
Monday,퀘스트지상주의,['박태준 만화회사'],9.67
Monday,윈드브레이커,['조용석'],9.85
Monday,장씨세가 호위...,"['김인호 ', ' 조형근']",9.94
Monday,소녀의 세계,['모랑지'],9.94
Monday,백수세끼,['치즈'],9.84
Monday,팔이피플,"['매미 ', ' 희세']",9.92
Monday,앵무살수,['김성진'],9.98
Monday,잔불의 기사,['환댕'],9.95
Monday,만렙돌파,"['성불예정,홍실 ', ' 미노']",9.42
Monday,리턴 투 플레...,"['엄키 ', ' 세혼 ', ' 인덱스']",9.90
Monday,요리GO,['HO9'],9.94
Monday,아마도,['마파체'],9.79
Monday,매지컬 급식,['웡웡이'],9.85
Monday,파운더,"['임상윤 ', ' 만두인']",9.79
Monday,더블클릭,"['김장훈,박수봉 ', ' 박수봉']",9.90
Monday,평범한 8반,['영파카'],9.84
Monday,히어로메이커,['빤쓰'],9.96
Monday,똑 닮은 딸,['이담'],9.98
Monday,칼가는 소녀,['오리'],9.97
Monday,미니어처 생활...,['엘렌 심'],9.96
Monday,물어보는 사이,['성은'],9.96
Monday,결혼생활 그림...,['은꼼지'],9.96
Monday,파견체,['곽백수'],9.80
Monday,아는 여자애,['허니비'],9.97
Monday,꼬리잡기,['바쉬'],9.94
Monday,신군,['규남'],9.91
Monday,황제와의 하룻밤,"['예영 ', ' INUS ', ' 차승...']",9.93
Monday,꿈의 기업,['문지현'],9.97
Monday,이별 후 사내...,"['미믹 ', ' 이달리']",9.94
Monday,결혼공략,['율무'],9.83
Monday,"아, 쫌 참으...","['새우초밥 ', ' daybook']",9.97
Monday,이제야 연애,"['딘돈 ', ' 서혜은']",9.96
Monday,오빠집이 비어서,"['이서희 ', ' 태소영']",9.83
Monday,입술이 예쁜 ...,"['고도 ', ' 플라비']",9.89
Monday,와이키키 뱀파...,['요니요니'],9.97
Monday,제왕: 빛과 ...,"['김남규 ', ' 애풍,김한석']",9.85
Monday,"또다시, 계약...","['제제 ', ' 설우희']",9.80
Monday,디나운스,['윤예'],9.81
Monday,싸이코 리벤지,"['기송 ', ' 넴가']",9.35
Monday,말박왕,['용사'],9.90
Monday,야생천사 보호...,['루시드'],9.98
Monday,홍천기,"['LICO ', ' 정은궐']",9.95
Monday,바퀴,"['나우원 ', ' 오른손']",9.89
Monday,사랑의 헌옷수...,['고잉'],9.96
Monday,원작은 완결난...,"['도래 ', ' 원더드림']",9.98
Monday,원하는 건 너...,"['달콤J,박성실 ', ' sage']",9.63
Monday,레지나레나 -...,"['곽나나 ', ' 설동원 ', ' 김영지']",9.90
Monday,왕따협상,['아이아리'],9.69
Monday,찌질하지만 로...,['상수'],8.41
Monday,최후의 금빛아이,"['알깨 ', ' 새몽']",9.94
Monday,별을 쫓는 소...,['HYBE'],8.69
Monday,달로 만든 아이,['온윤'],9.97
Monday,나만의 고막남친,"['비로 ', ' 팀 노란 ', ' 이혜율']",9.89
Monday,모스크바의 여명,"['타이밍 ', ' 이샨오 ', ' 황장미']",9.94
Monday,마지막 지수,"['에리카 ', ' 채나라']",9.94
Monday,모락모락 왕세...,['원해'],9.89
Monday,중독연구소,['김택기'],9.85
Monday,그림자 신부,"['이새인 ', ' 덥머']",9.88
Monday,개밥 먹는 남자,['김태순'],9.93
Monday,악녀 18세 ...,['홍혜'],9.95
Monday,역주행!,['김현아'],9.92
Monday,사막에 핀 달,['선지'],9.80
Monday,헬로맨스,"['이공주 ', ' 하얀독수리']",9.87
Monday,남주서치,['잔비'],9.91
Monday,결백한 사람은...,['서각'],9.86
Monday,오로지 오로라,['홍달'],9.89
Monday,슈퍼스타 천대리,"['박경원 ', ' 이재국 ', ' Do8']",9.74
Monday,기사님을 지켜줘,['달봉'],9.83
Monday,순정말고 순종,['슈안'],9.97
Tuesday,여신강림,['야옹이'],9.44
Tuesday,쇼미더럭키짱!,"['박태준 ', ' 김성모']",9.39
Tuesday,김부장,"['박태준 만화회사 ', ' 정종택']",8.45
Tuesday,멸망 이후의 ...,"['S-Cynan ', ' 언데드 ...']",9.94
Tuesday,대학원 탈출일지,['요다'],9.97
Tuesday,1을 줄게,['김계란'],9.96
Tuesday,한림체육관,"['혜성 ', ' 이석재']",9.74
Tuesday,내가 키운 S...,"['seri ', ' 비완 ', ' 근서']",9.88
Tuesday,하루만 네가 ...,['삼'],9.98
Tuesday,중증외상센터 ...,"['홍비치라 ', ' 한산이가']",9.97
Tuesday,사신소년,['류'],9.92
Tuesday,용사가 돌아왔다,"['나락 ', ' 풍백']",8.98
Tuesday,니나의 마법서랍,['랑또'],9.98
Tuesday,랜덤채팅의 그...,['박은혁'],9.52
Tuesday,신도림,['오세형'],9.94
Tuesday,삼국지톡,"['무적핑크 ', ' 이리']",9.91
Tuesday,뽀샵일기,['자까'],9.96
Tuesday,엽총소년,"['김칸비 ', ' 홍필']",9.95
Tuesday,헬58,['장성준'],9.87
Tuesday,집이 없어,['와난'],9.97
Tuesday,하북팽가 막내...,"['스튜디오M ', ' 기원 ', ' 무향']",9.73
Tuesday,덴큐,['백감독'],9.75
Tuesday,벽간소음,['이백'],9.90
Tuesday,위아더좀비,['이명재'],9.97
Tuesday,원주민 공포만화,['원주민'],9.88
Tuesday,윌유메리미,['마인드C'],9.92
Tuesday,소극적 인간,['다쓴총'],9.89
Tuesday,잿빛오름,['유형석'],8.61
Tuesday,몬스터,['이은재'],9.63
Tuesday,내남친 킹카만...,"['랑쓰 ', ' 섯끼']",8.74
Tuesday,애옹식당,['정다정'],9.95
Tuesday,늑대처럼 홀로,"['이상훈 ', ' 이현세']",9.88
Tuesday,짝사랑의 마침표,['숭어'],9.94
Tuesday,하우스키퍼,"['채용택 ', ' 유현']",9.97
Tuesday,붉은 이정표,['달뜬'],9.75
Tuesday,한입만!,['이한솔'],9.88
Tuesday,견우와 선녀,['안수민'],9.98
Tuesday,올가미,['해무리'],9.98
Tuesday,"플레이, 플리",['이에프'],9.97
Tuesday,택배 왔습니다,['이한손'],9.81
Tuesday,정년이,"['서이레 ', ' 나몬']",9.96
Tuesday,용왕님의 셰프...,"['옥 ', ' 카라쿨 ', ' 문백경']",9.98
Tuesday,은주의 방 2...,['노란구미'],9.94
Tuesday,100,"['형은 ', ' 최윤열']",9.68
Tuesday,아이즈,['정썸머'],9.96
Tuesday,이상형은 아닙...,"['박윤영 ', ' 은동이']",9.52
Tuesday,빅맨,['하하영'],9.69
Tuesday,미물,"['외눈박이 ', ' 김도연']",9.89
Tuesday,나타나주세요!,['김기현'],9.96
Tuesday,"대공님, 실수...","['시세Sisse, 이정은 ', '...']",9.79
Tuesday,제로게임,['즐바센'],9.97
Tuesday,연우의 순정,['이솔'],9.97
Tuesday,빌런투킬,"['퓨핀 ', ' 은지']",9.89
Tuesday,숲속의 담,['다홍'],9.98
Tuesday,태시트,['김다찌'],9.93
Tuesday,또 다른 사랑,"['이순기 ', ' 또각 ', ' 스파클라']",9.94
Tuesday,나의 플랏메이트,['산삼'],9.91
Tuesday,열녀박씨 계약...,"['안젤리크 ', ' 닷다 ', ' 김너울']",9.92
Tuesday,시벨롬 리스트,['LICO'],9.90
Tuesday,나는 어디에나...,['김선권'],9.90
Tuesday,그녀석 정복기,['강은영'],9.92
Tuesday,필리아로제 -...,"['YUMI ', ' Ryuta ', '...']",9.96
Tuesday,이븐 모어,"['성, 귤씨 ', ' 토피 ', ' 달로']",9.92
Tuesday,대신 심부름을...,['고아라'],9.98
Tuesday,기계증식증,['홍작가'],9.87
Tuesday,그 남주와 이...,"['소나불 ', ' 미니']",9.87
Tuesday,교환학생,['올챙구리'],9.87
Tuesday,미신,"['미요커 ', ' 제촘']",9.72
Tuesday,급식러너,['슬랭킷'],9.86
Tuesday,프린스 메이커,['수오수'],9.92
Tuesday,풋내기들,['신여름'],9.95
Tuesday,다꾸남,['코츠'],9.73
Tuesday,NG불가,['고선영'],9.96
Tuesday,피로만땅,['샤니'],9.93
Tuesday,고등매직,['잭형'],9.79
Tuesday,찐:종합게임동...,['소장'],9.72
Tuesday,하나in세인,['석한'],9.87
Wednesday,전지적 독자 ...,"['UMI ', ' 슬리피-C ', ' ...']",9.97
Wednesday,쇼미더럭키짱!,"['박태준 ', ' 김성모']",9.39
Wednesday,화산귀환,"['LICO ', ' 비가']",9.95
Wednesday,헬퍼 2 : ...,['삭'],8.91
Wednesday,먹는 인생,['홍끼'],9.96
Wednesday,캐슬,['정연'],9.97
Wednesday,튜토리얼 탑의...,"['루비 ', ' 방구석김씨']",9.73
Wednesday,여고생 드래곤,['땅콩'],9.97
Wednesday,일렉시드,"['손제호 ', ' 제나']",9.83
Wednesday,쓰레기는 쓰레...,['EDDiERiNG'],9.95
Wednesday,내 남편과 결...,"['LICO ', ' 성소작']",9.97
Wednesday,66666년 ...,"['타루, 팀 더 지크 ', ' 파...']",9.93
Wednesday,여주실격!,['기맹기'],9.96
Wednesday,나쁜사람,['둠스'],9.82
Wednesday,비즈니스 여친,"['루즌아 ', ' 서해']",9.68
Wednesday,연놈,['상하'],9.85
Wednesday,세상은 돈과 ...,"['한동우 ', ' 이도희']",9.89
Wednesday,엔딩 후 서브...,"['정서 ', ' 황도톨']",9.98
Wednesday,고삼무쌍,"['B급달궁 ', ' 하마']",9.84
Wednesday,마른 가지에 ...,"['화음 ', ' 달새울']",9.98
Wednesday,베스트 프렌드,['망순'],9.92
Wednesday,미래의 골동품...,['구아진'],9.98
Wednesday,그림자의 밤,['융'],9.96
Wednesday,남주의 첫날밤...,"['티바 ', ' MSG ', ' 황도톨']",9.98
Wednesday,판타지 여동생!,['유누'],9.85
Wednesday,하렘의 남자들,"['히어리 ', ' 영빈 ', ' 알파타...']",9.95
Wednesday,낙원의 이론,"['무멘 ', ' 정선우']",9.65
Wednesday,사상최강,"['이단아 ', ' 황규영']",9.87
Wednesday,언덕 위의 제...,['쿠당탕'],9.92
Wednesday,메모리얼,['상C'],9.87
Wednesday,귀곡의 문,['삼촌'],9.98
Wednesday,얼굴천재,['지에이'],9.86
Wednesday,고민남녀 방백...,['고태호'],9.89
Wednesday,아도나이,['주동근'],9.92
Wednesday,칼부림,['고일권'],9.91
Wednesday,밤낚시,"['LICO ', ' 디귿']",9.77
Wednesday,가짜 동맹,['케냠'],9.96
Wednesday,수요웹툰의 나...,"['이경민 ', ' 송준혁']",9.83
Wednesday,마녀와 용의 ...,"['뉴릉이 ', ' 디망 ', ' 바리달']",9.96
Wednesday,방탈출,['십박'],9.95
Wednesday,더 퀸즈,"['청민 ', ' 이수현']",9.71
Wednesday,헤어지면 죽음,"['봄소희 ', ' KYMA']",9.88
Wednesday,산의 시간,['지님'],9.77
Wednesday,관종교장,['좌승훈'],9.93
Wednesday,로어 올림푸스,['레이첼 스마이스'],9.93
Wednesday,블랙홀과 3만원,"['김규삼 ', ' 혜원']",9.93
Wednesday,괴물공작의 딸,"['한바다 ', ' 찬란']",9.42
Wednesday,반귀,['세정'],9.96
Wednesday,내가 죽기로 ...,['YUJU'],9.96
Wednesday,오징어도 사랑...,"['젤리피쉬 ', ' 문댄스']",9.88
Wednesday,고등단편.zip,['웹툰작가'],9.83
Wednesday,인과관계,['강환영'],9.95
Wednesday,아이돌의 비밀...,['우아람'],9.39
Wednesday,범이올시다!,['해'],9.98
Wednesday,화가 살리에르,['백원달'],9.95
Wednesday,잿빛도 색이다,['쿼시'],9.83
Wednesday,멸종위기종인간,['사하라'],9.76
Wednesday,두 번 사는 ...,"['여로운 ', ' 왕십리글쟁이']",9.87
Wednesday,사랑과 평강의...,"['한기주 ', ' 일']",9.97
Wednesday,반짝반짝 작은...,['억수씨'],9.94
Wednesday,무용과 남학생,['이호진'],9.91
Wednesday,구사일생 로맨스,"['곰곰 ', ' 서정 ', ' 수(秀)\u200b']",9.90
Wednesday,웰컴 온보드,['다니'],8.67
Wednesday,혁명 뒤 공주는,['으앵'],9.93
Wednesday,뱀은 꽃을 먹...,['소나음'],9.80
Wednesday,"오직, 밝은 ...",['박원희'],9.84
Wednesday,하지만 너는 ...,['마주'],9.82
Wednesday,해귀,['알파A'],9.85
Wednesday,나의 계절,['박수민'],9.77
Wednesday,구주,"['준치 ', ' 조9']",9.87
Wednesday,필생기,['찬성'],9.76
Wednesday,수호하는 너에게,['김순돌'],9.89
Wednesday,재난소년,['코말랑'],9.10
Thursday,독립일기,['자까'],9.97
Thursday,연애혁명,['232'],9.87
Thursday,쇼미더럭키짱!,"['박태준 ', ' 김성모']",9.39
Thursday,더 복서,['정지훈'],9.92
Thursday,신림/남/22,['박태준 만화회사'],5.22
Thursday,나노마신,"['현절무 ', ' 금강불괴 ', ' 한...']",9.93
Thursday,기기괴괴,['오성대'],9.90
Thursday,이두나!,['민송아'],9.75
Thursday,나 혼자 네크...,"['김경열 ', ' 김동준 ', ' 지점장']",9.90
Thursday,현실퀘스트,"['이주운 ', ' 태성']",9.80
Thursday,정글쥬스,"['형은 ', ' 쥬더']",9.94
Thursday,천마육성,"['광휘 ', ' 조형근']",9.81
Thursday,신비,['반지'],9.98
Thursday,무사만리행,"['운 ', ' 배민기']",9.94
Thursday,특수청소,['한(恨)'],9.87
Thursday,묵시의 인플루...,['조석'],9.90
Thursday,겟백,['세윤'],9.98
Thursday,갓트,"['서패스 ', ' 아거주누']",9.88
Thursday,별을 삼킨 너...,['ARI'],9.93
Thursday,포식동물,"['신희빈 ', ' 치훈']",9.91
Thursday,하드캐리,['조양'],9.91
Thursday,불편한 관계,['잔스'],9.97
Thursday,던전 씹어먹는...,"['엄키 ', ' 제로워터']",9.89
Thursday,쿠베라,['카레곰'],9.96
Thursday,트롤트랩,['유비'],9.94
Thursday,부캐인생,"['까를로스 ', ' 징크']",9.73
Thursday,꽃만 키우는데...,"['주현후 ', ' 쿰타타']",9.97
Thursday,국세청 망나니,"['엘가 ', ' 신스 ', ' 동면거북이']",9.84
Thursday,최강전설 강해효,['최병열'],9.62
Thursday,오빠세끼,['올리브유'],9.77
Thursday,아인슈페너,['한끼룩'],9.93
Thursday,가족같은 XX,['서우현'],9.95
Thursday,진짜 진짜 이...,"['서후 ', ' 해인']",9.88
Thursday,완벽한 결혼의...,"['영 ', ' 제리볼 ', ' 이범배']",9.83
Thursday,"오, 친애하는...","['오쏘 ', ' 벨마 ', ' 미나토']",9.94
Thursday,따개비,"['뜰새 ', ' delete ', ' ...']",9.53
Thursday,마왕까지 한 ...,['윤홍'],9.97
Thursday,만능잡캐,"['키보드만세, 홍실 ', ' 김대훈']",9.78
Thursday,흑막 여주가 ...,"['이산시 ', ' 하리힌 ', ' 목감기']",9.98
Thursday,선남친 후연애,"['곰곰 ', ' 정미 ', ' 왕기대']",9.91
Thursday,만물의 영장,['보민'],9.97
Thursday,마계인섬,['초'],9.75
Thursday,베어케어,"['꽃소금 ', ' 김용원']",9.66
Thursday,시월드 판타지,"['진돌 ', ' 히디']",9.90
Thursday,마법사랑해,"['명랑 ', ' 청설모']",9.96
Thursday,네가 죽기를 ...,"['기매 ', ' 아란 ', ' 진서']",9.92
Thursday,안개무덤,['김태영'],9.94
Thursday,"그 개, 만두",['호정'],9.97
Thursday,온에어,['심복일'],9.87
Thursday,루커피쳐,['효정'],9.96
Thursday,킬더킹,"['마사토끼 ', ' joana']",9.66
Thursday,어차피 남편은!,['찡나'],9.90
Thursday,달의 요람,['이정선'],3.68
Thursday,야만의 시대,"['신의철 ', ' 장대현']",9.79
Thursday,침묵의 밤,"['한동우 ', ' Q-Ha']",9.88
Thursday,마녀의 심판은...,"['은백 ', ' 서현']",9.96
Thursday,가상&...,['주다현'],9.93
Thursday,THE 런웨이,"['도미 ', ' 녹두']",9.78
Thursday,온새미로,"['여우 ', ' 사문']",9.91
Thursday,소녀180,"['나우원 ', ' 델라']",9.96
Thursday,배트맨: 웨인...,"['CRC Payne ', ' St...']",9.84
Thursday,그 황제가 시...,"['화영 ', ' 용끄 ', ' 블루밍부케']",9.95
Thursday,해시의 신루,"['명랑 ', ' INUS ', ' 윤이수']",9.96
Thursday,환상연가,['반지운'],9.97
Thursday,아빠같은 남자,['이수민'],9.76
Thursday,이계 무슨 황비,"['전현서 ', ' GUA']",9.93
Thursday,나쁜 마법사의...,['이아거'],8.23
Thursday,소년의 기록,['베어리'],9.71
Thursday,폭탄주먹 변대장,"['엄재경 ', ' 지야프']",9.63
Thursday,유리와 유리와...,['요엔'],9.97
Thursday,성스러운 아이돌,"['스튜디오M ', ' 악사 ', ' 신...']",9.97
Thursday,돌아온 여기사,"['이하린 ', ' 하늘미르']",9.88
Thursday,보물과 괴물의...,['이을'],9.95
Thursday,칼과 방울,['유승진'],9.70
Thursday,평범한 낙원,['후드새'],9.88
Thursday,온실 속 화초,['옛사람'],9.96
Thursday,카루나,['강호진'],9.78
Thursday,모어 라이프,['이아영'],9.92
Thursday,어느날 네가 ...,['해영채'],9.90
Thursday,멸망X초이스,['텐'],9.86
Friday,외모지상주의,['박태준'],9.47
Friday,쇼미더럭키짱!,"['박태준 ', ' 김성모']",9.39
Friday,나 혼자 만렙...,"['WAN.Z ', ' 스윙뱃 ', ' ...']",9.85
Friday,대학원 탈출일지,['요다'],9.97
Friday,갓 오브 하이...,['박용제'],9.64
Friday,광마회귀,"['JP ', ' 이히 ', ' 유진성']",9.96
Friday,어쩌다보니 천...,"['꿀타래 ', ' 담초']",9.95
Friday,데드퀸,['김규삼'],9.96
Friday,내과 박원장,['장봉수'],9.92
Friday,재혼 황후,"['히어리 ', ' 숨풀 ', ' 알파타...']",9.97
Friday,1초,"['시니 ', ' 광운']",9.97
Friday,개를 낳았다,['이선'],9.93
Friday,죽지 않으려면,"['파래 ', ' 임진국']",9.91
Friday,세기말 풋사과...,['순끼'],9.98
Friday,삼국지톡,"['무적핑크 ', ' 이리']",9.91
Friday,낙향문사전,"['바킹독 ', ' 팀 페가수스 ', '...']",9.73
Friday,서울역 드루이드,"['문성호 ', ' 활성곰 ', ' 진설우']",9.66
Friday,상남자,"['하늘소 ', ' 도가도 ', ' 김태궁']",9.94
Friday,더 게이머,"['성상영 ', ' 상아']",8.53
Friday,소극적 인간,['다쓴총'],9.89
Friday,뫼신 사냥꾼,"['승림 ', ' 방승현 ', ' 윤현승']",9.93
Friday,히어로 킬러,"['꿀벌 ', ' 벌꿀']",9.95
Friday,쌈빡,['38'],9.71
Friday,역대급 영지 ...,"['이현민 ', ' 김현수 ', ' 문백경']",9.95
Friday,A.I. 닥터,"['ZAINO ', ' 쿠큐 ', ' 한...']",9.97
Friday,플레이어,"['박종석 ', ' 오현준']",9.91
Friday,여성전용헬스장...,['유기'],9.18
Friday,구남친이 내게...,"['희똑 ', ' 강하다']",9.89
Friday,푸쉬오프,['허5파6'],9.98
Friday,그렇고 그런 ...,['아니영'],9.97
Friday,모텔 304호,['이말랭'],9.71
Friday,상위1%,"['미티 ', ' 웅비']",8.88
Friday,희란국연가,['MIDNIGHT STUDI...'],9.95
Friday,미혼남녀의 효...,['타리'],9.95
Friday,여우놀이,['황혜진'],9.97
Friday,그 기사가 레...,"['아인 ', ' Ink. ', ' 성혜림']",9.95
Friday,스포,['이강'],9.91
Friday,후덜덜덜 남극...,['김민혁'],9.94
Friday,스치면 인연 ...,['을승'],9.89
Friday,사람의 조각,"['신의철 ', ' 천범식']",9.92
Friday,버그: 스티그마,"['해마 ', ' 송지형']",7.83
Friday,도무지 그애는,['게코'],9.97
Friday,미친 후작을 ...,"['골지 ', ' 이레 ', ' 로판맛집']",9.89
Friday,식인귀,['선택길'],9.93
Friday,너의 미소가 ...,['앵고'],9.97
Friday,감자마을,['박지독'],9.94
Friday,골든 체인지,['브림스'],9.98
Friday,엽사:요괴사냥꾼,['삼박'],5.15
Friday,오!너의 리스크,['바리'],9.95
Friday,인피니티,['2오'],9.67
Friday,이게 아닌데,"['봄소희 ', ' 김세이']",9.92
Friday,태권보이,['김우준'],9.86
Friday,네버엔딩달링,['울리'],9.95
Friday,"주님, 악마가...","['불사 ', ' 용가리']",9.95
Friday,악몽일기,['육공'],9.85
Friday,리트리츠,"['신형욱 ', ' 김선희']",9.93
Friday,몽홀,['장태산'],9.91
Friday,백년게임,"['하람 ', ' 지야']",9.81
Friday,재앙의 날,"['환상특급 ', ' 이승찬']",9.80
Friday,트럼프,['이채은'],9.97
Friday,여름여자 하보이,['석영'],9.97
Friday,로판 빙의 만화,['싱난다'],9.96
Friday,아찔한 전남편,"['기뭉 ', ' 여백 ', ' 별규']",9.86
Friday,꽃 피우는 남자,['양하'],9.93
Friday,달이 없는 나라,['엥비'],9.96
Friday,나쁜 쪽으로,"['오은 ', ' 이세릴']",9.55
Friday,빨간맛 로맨스,"['사지현 ', ' 서루']",9.96
Friday,합법해적 파르페,['뼈피살'],9.96
Friday,히트포인트,"['민형 ', ' 여강현']",9.57
Friday,짝사랑 마들렌,['미이'],9.94
Friday,팬시X팬시,['인미'],9.93
Friday,킬러방 : 퍼...,"['김도연 ', ' 방진호']",9.78
Friday,행운을 빌어요...,['송현주'],9.84
Friday,다름이 아니라,['해미'],9.52
Saturday,프리드로우,['전선욱'],9.82
Saturday,신림/남/22,['박태준 만화회사'],5.22
Saturday,은탄,['김규삼'],9.95
Saturday,취사병 전설이...,"['제이로빈 ', ' 이진수']",9.85
Saturday,먹는 인생,['홍끼'],9.96
Saturday,스퍼맨 : 전...,['하일권'],9.93
Saturday,초인의 시대,['섭이'],9.95
Saturday,여고생 드래곤,['땅콩'],9.97
Saturday,스터디그룹,"['신형욱 ', ' 유승연']",9.96
Saturday,망나니 소교주...,"['재무 ', ' 전마두 ', ' 대은호']",9.80
Saturday,니나의 마법서랍,['랑또'],9.98
Saturday,존잘주의,['령'],9.64
Saturday,아홉수 우리들,['수박양'],9.98
Saturday,아사,['우새새'],9.92
Saturday,반드시 해피엔딩,"['불사 ', ' 재림 ', ' 플아다']",9.95
Saturday,나이트런,['김성민'],9.91
Saturday,청춘 블라썸,"['홍덕 ', ' NEMONE']",9.97
Saturday,윌유메리미,['마인드C'],9.92
Saturday,힙한남자,['혜니'],9.90
Saturday,나를 바꿔줘,"['이지호 ', ' 호띠']",9.85
Saturday,마법사가 죽음...,"['박젶 ', ' 주은설']",9.93
Saturday,최면학교,['박은혁'],9.78
Saturday,피라미드 게임,['달꼬냑'],9.97
Saturday,99강화나무몽...,"['홍실 ', ' 지페리']",9.67
Saturday,키스의 여왕,"['영영이 ', ' 이재익']",9.83
Saturday,어글리후드,['미애'],9.98
Saturday,좀비 파이트,['이저녁'],9.95
Saturday,용사참수인,['김세래'],9.91
Saturday,탑코너,"['윤성 ', ' 라군']",9.78
Saturday,소공녀 민트,"['땔깜 ', ' 갈피 ', ' 오윤']",9.94
Saturday,적월의 나라,"['박신 ', ' 신동구']",9.65
Saturday,왕년엔 용사님,"['고샤 ', ' 솔렘']",9.94
Saturday,태백 : 튜토...,"['이난 ', ' 백세']",9.93
Saturday,"나태 공자, ...","['doip ', ' 도도문 ', ' 이...']",9.92
Saturday,엑스애쉬,"['김세훈 ', ' 이광수']",9.87
Saturday,7FATES:...,['HYBE'],8.12
Saturday,은둔코인,['HD3'],9.66
Saturday,홍시는 날 좋...,"['강하다 ', ' 웃는해']",9.97
Saturday,최강부캐,['직씨'],9.26
Saturday,감 비서가 고...,"['퀀퀀 ', ' 파란드']",9.89
Saturday,공유몽,"['주신 ', ' 유령선']",9.92
Saturday,봐선 안되는 것,['수리부'],9.79
Saturday,남편을 만렙으...,"['유기농 ', ' 컬린 ', ' 누오바']",9.96
Saturday,메트로헌터,"['두엽 ', ' 척준경']",9.69
Saturday,이건 그냥 연...,['이재이'],9.59
Saturday,"저무는 해, ...",['MURO'],9.97
Saturday,소년 검사,['혁씨'],9.51
Saturday,배달의 신,"['명랑 ', ' 신얼']",9.94
Saturday,내게 필요한 ...,['마그네슘'],9.98
Saturday,물위의 우리,"['뱁새 ', ' 왈패']",9.97
Saturday,전생연분,"['재아 ', ' HAE']",9.96
Saturday,일상이 무너졌다,"['승한 ', ' 예림']",9.68
Saturday,팔려 온 신부,"['지기 ', ' 시크크']",9.88
Saturday,키스 식스 센스,"['갓녀 ', ' 조코봉']",9.92
Saturday,"안녕, 이바다씨",['문나영'],9.90
Saturday,중매쟁이 아가...,"['박카린 ', ' 지미신']",9.92
Saturday,지구식 구원자...,"['하정수 ', ' 외투']",9.69
Saturday,묘령의 황자,['아흐레달'],9.97
Saturday,오늘부터 천생...,"['달노도 ', ' 노승아']",9.93
Saturday,사서고생!,['몽실'],9.92
Saturday,광해의 연인,"['러시 ', ' 유오디아']",9.93
Saturday,좋은데 어떡해,['여은'],9.90
Saturday,좋아해 아니 ...,['지지'],9.42
Saturday,주욱 같은 하루,"['미티 ', ' 민영']",9.79
Saturday,홍대 바이브,['내먼'],9.92
Saturday,더 나우,['이니'],9.91
Saturday,도사 가온,['김상민'],9.92
Saturday,스트릿 워크아웃,['장부규'],9.89
Saturday,밤을 깨우는 ...,['외딴'],9.97
Saturday,나를 길들여 ...,"['홍주 ', ' 글쓰는 귀신']",9.06
Saturday,숨겨진 성녀,"['야마겟돈 ', ' 연슬아']",9.92
Saturday,아가사,['이다인'],9.92
Saturday,보듬보듬,['라라시스터'],9.78
Saturday,2-3승강장,['김민찰스'],9.78
Saturday,먹지마세요,"['노도 ', ' 비버']",9.93
Saturday,아침을 지나 ...,['손지은'],9.95
Saturday,실버 쥬얼,['찬2'],9.82
Sunday,독립일기,['자까'],9.97
Sunday,싸움독학,"['박태준 ', ' 김정현']",9.83
Sunday,입학용병,"['YC ', ' 락현']",9.90
Sunday,약한영웅,"['서패스 ', ' 김진석']",9.85
Sunday,투신전생기,['청담'],9.93
Sunday,이번 생도 잘...,['이혜'],9.98
Sunday,존망코인,['박태준 만화회사'],9.04
Sunday,수희0(tng...,['생일기분'],9.91
Sunday,천하제일인,"['권순규 ', ' 신권이']",9.78
Sunday,일타강사 백사부,"['이석준 ', ' 오리보리 ', ' 간...']",9.94
Sunday,무서운게 딱좋...,['이동규'],9.92
Sunday,내일,['라마'],9.98
Sunday,소녀재판,"['루즌아 ', ' 보로콤']",9.86
Sunday,마루한 - 구...,['박성우'],9.89
Sunday,오로지 너를 ...,"['아마도지 ', ' 사삭']",9.95
Sunday,어느날 갑자기...,['박창근'],9.90
Sunday,곱게 키웠더니...,"['티바 ', ' 여슬기 ', ' 이른꽃']",9.97
Sunday,장풍전,['신영우'],9.91
Sunday,별이삼샵,['혀노'],9.95
Sunday,테러대부활,"['한동우 ', ' 고진호']",9.91
Sunday,고백 취소도 ...,['신매'],9.94
Sunday,경비 배두만,['이영곤'],9.95
Sunday,판사 이한영,"['문성호 ', ' 전돌돌 ', ' 이해날']",9.91
Sunday,경자 전성시대,['김호드'],9.94
Sunday,합격시켜주세용,['이온'],9.98
Sunday,동생친구,['님니'],9.97
Sunday,나의 작은 서점,['한민기'],9.97
Sunday,살아남은 로맨스,['이연'],9.98
Sunday,가비지타임,['2사장'],9.96
Sunday,벚꽃이 흩날릴...,['황양'],9.83
Sunday,소사이코티,"['서한 ', ' 연호']",9.90
Sunday,블러드 리벤저,['고백'],9.52
Sunday,시월드가 내게...,"['승우 ', ' 한윤설']",9.98
Sunday,위닝샷!,"['강견 ', ' 시바견']",9.94
Sunday,학교정벌,"['나락 ', ' 지앤']",9.60
Sunday,장미같은 소리,"['혜진양 ', ' 듀영']",9.94
Sunday,사실 마법이었...,['박성현'],9.92
Sunday,위험한 남편을...,"['두지 ', ' 윤손']",9.85
Sunday,생존로그,['이노'],9.84
Sunday,데빌샷,['CTK'],9.97
Sunday,천치전능,"['김칸비 ', ' 송래현']",9.90
Sunday,전설의 화석,"['청종 ', ' 아뷰']",9.86
Sunday,철수와 영희 ...,['울'],9.90
Sunday,여우애담,['이도광'],9.97
Sunday,예쁜 사나이,['영원'],9.92
Sunday,돌&아이,"['송채윤 ', ' 엔리']",9.83
Sunday,생존고백,['박태현'],9.94
Sunday,후궁 스캔들,"['정현 ', ' 기트로우']",9.96
Sunday,몸이 바뀌는 ...,"['푸릭 ', ' 달꽃 ', ' 윤달']",9.95
Sunday,굿 리스너,['쥬드프라이데이'],9.97
Sunday,DARK MO...,['HYBE'],9.44
Sunday,사람은 고쳐 ...,"['염라 ', ' 구일하']",9.92
Sunday,오늘 밤만 재...,"['유나나 ', ' 해번']",9.76
Sunday,오른눈이 보는...,['코어'],9.97
Sunday,마법스크롤 상...,"['엄재경 ', ' 호패']",9.96
Sunday,신이 담긴 아이,"['건치 ', ' 호진']",9.91
Sunday,보스의 노골적...,"['팀솜사탕 ', ' 반지은 ', ' 시...']",9.72
Sunday,보통아이,"['까를로스 ', ' 범스테드']",9.80
Sunday,취향 소개소,['이다몽'],9.95
Sunday,혀로 만난 사이,['집손이'],8.62
Sunday,황제에게 하트...,"['코코넛베리,율림니 ', ' 6S']",9.63
Sunday,조선여우스캔들,"['문종호 ', ' 정후 ', ' 차소희']",9.93
Sunday,당신의 여자가...,"['팀아가페 ', ' 별규']",9.01
Sunday,"라커, 오프너","['만취 ', ' 바른꽃']",9.93
Sunday,데이즈,['양수'],7.99
Sunday,불순물,['우열'],9.84
Sunday,독신마법사 기...,"['재윤 ', ' 기르답']",9.94
Sunday,랑데뷰,['제로'],9.93
Sunday,거래하실래요?,"['99C ', ' 백도']",9.90
Sunday,"구해줘, 호구!",['기천'],9.91
Sunday,푸른불꽃,['닺'],9.83
Sunday,다시 또 봄,['이힝'],9.91
Sunday,짝사랑의 유서,['군밤'],9.90
Sunday,제타,['하지'],9.78
Sunday,패션쇼,['로커8'],9.83
Sunday,폰투스,"['운 ', ' 한큰빛']",9.87
Sunday,6월의 라벤더,"['밤희 ', ' 게살']",9.91
